,title,url,thumbnail_url,channel,description
0,How to clean video game discs,https://www.youtube.com/watch?v=EdDOpqPbq8Q,https://i.ytimg.com/vi/EdDOpqPbq8Q/hqdefault.jpg?sqp=-oaymwEcCPYBEIoBSFXyq4qpAw4IARUAAIhCGAFwAcABBg==&rs=AOn4CLB4O2xgnxdXK7v_5HRjLqVqwCrQKg,1980sGamer,
1,Saint Peter's vs. Purdue - Sweet 16 NCAA tournament extended highlights,https://www.youtube.com/watch?v=oCpMehfhJs0,https://i.ytimg.com/vi/oCpMehfhJs0/hqdefault.jpg?sqp=-oaymwEcCPYBEIoBSFXyq4qpAw4IARUAAIhCGAFwAcABBg==&rs=AOn4CLBK9TpLB3v-ZsO7ZZepuivKOPICeQ,March Madness,"In yet another historic upset, Saint Peter's took down Purdue, 67-64, to advance to the Elite Eight as the first 15-seed to ever do it. Watch the full extended highlights here. Watch highlights,..."
2,The End Floran | Ep. 5 | Afterlife Minecraft SMP,https://www.youtube.com/watch?v=9urUIy_emSI,https://i.ytimg.com/vi/9urUIy_emSI/hqdefault.jpg?sqp=-oaymwEcCPYBEIoBSFXyq4qpAw4IARUAAIhCGAFwAcABBg==&rs=AOn4CLDyKQ3kFl8qsG8uzgkuWg4_yH1_Hg,LDShadowLady,"Please *boop* the like button if you enjoy the video! :) Welcome to Afterlife SMP, a new Minecraft SMP. A modded multiplayer server with friends based around the Minecraft Origins Mod You..."
3,Could he do this with a football? ü§î #shorts,https://www.youtube.com/watch?v=ndBiE-qmj1E,https://i.ytimg.com/vi/ndBiE-qmj1E/hqdefault.jpg?sqp=-oaymwEcCPYBEIoBSFXyq4qpAw4IARUAAIhCGAFwAcABBg==&rs=AOn4CLBg6o2d8r01eglW2Kx9OYdzWUcZ2w,MaxPreps,(Via @nick.wilson.11) #baseball #football #highschool #sports #impressive
4,How Teachers Help You During Tests #Shorts,https://www.youtube.com/watch?v=jikcB7_gj8A,https://i.ytimg.com/vi/jikcB7_gj8A/hqdefault.jpg?sqp=-oaymwEcCPYBEIoBSFXyq4qpAw4IARUAAIhCGAFwAcABBg==&rs=AOn4CLCOT5gvdxTUofG565oyH3Hjo6SReg,Luke Davidson,How Teachers Help You During Tests #Shorts
5,MONTY FIGHTS HIS TWIN - Animation,https://www.youtube.com/watch?v=Q6DB_6IAdTM,,ZAMination,üëï FAZBEAR AND FRIENDS MERCH üëï https://enchantedmob.creator-spring.com/ -------- BUY THE GAME: https://store.steampowered.com/app/1721470/Poppy_Playtime/ Rendered with Fox Renderfarm:...
6,"Summer Walker, SZA, & Cardi B - No Love (Extended Version) [Official Video]",https://www.youtube.com/watch?v=VmB0Q7qkweM,,Summer Walker,"Summer Walker, SZA, & Cardi B - No Love (Extended Version) Listen: https://SummerWalker.lnk.to/NoLoveExtended Spotify: https://SummerWalker.lnk.to/NoLoveExtended/spotify Apple Music: https://Summer..."
7,Soy El Unico - Yahritza Y su Esencia,https://www.youtube.com/watch?v=kdFBxerg7jc,,Lumbre Music,Soy El Unico by Yahritza Martinez y su esencia subscribe / suscribete https://www.youtube.com/c/lumbremusic?sub_confirmation=1 Escucha Soy el Unico en tu plataforma favorita https://Lumbre.lnk....
8,Festival Announces Taylor Hawkins Passing 1 Hour Before Foo Fighters Performance,https://www.youtube.com/watch?v=FaaK2tfNFRo,,Rock Feed,"Foo Fighters fans were in the audience for the band's performance at the Est√©reo Picnic Festival, one hour before the band's set, when the announcement was made about Taylor Hawkins passing..."
9,revisiting old minecraft textures,https://www.youtube.com/watch?v=iWE53peAQsc,,camman18,follow my twitter: https://twitter.com/camman18_ ‚Üì ‚Üì ‚Üì FOLLOW ME EVERYWHERE ‚Üì ‚Üì ‚Üì ‚ñ∫ LIKELY STREAMED LIVE ON TWITCH: https://www.twitch.tv/camman18 ‚ñ∫ 2ND YOUTUBE CHANNEL:...
10,Nicki Minaj feat. Fivio Foreign - We Go Up (Official Audio),https://www.youtube.com/watch?v=BFxNFo6z92E,,Nicki Minaj,"Official audio for Nicki Minaj feat. Fivio Foreign ""We Go Up"", available everywhere now: https://NickiMinaj.lnk.to/WeGoUp Subscribe to Nicki Minaj on YouTube: http://bit.ly/NickiMinajYTSub..."
11,Machine Gun Kelly - maybe feat. Bring Me The Horizon (Official Music Video),https://www.youtube.com/watch?v=9xht4JIOfjU,,Machine Gun Kelly,"Machine Gun Kelly ""maybe ft. Bring Me The Horizon"" available now: https://MGK.lnk.to/maybe the album 'mainstream sellout' out now: https://mgk.lnk.to/mainstreamsellout Follow Machine Gun..."
12,Why Bartenders REALLY hate making Mojitos.,https://www.youtube.com/watch?v=NOmo3mdg7mE,,Alex Kazam,
13,Mario Reacts To Nintendo Memes 4,https://www.youtube.com/watch?v=t62rO5QbR3M,,SMG4,"Here's a fun video to relax and have a laugh at before the SMG4 movie coming next week! These vids usually go out on Wednesdays, but is temporarily filling in the Saturday slot this week while..."
14,Is Creatine safe for you?,https://www.youtube.com/watch?v=YHBpQEC37Mg,,Noel Deyzel,"RYSE Supplements (Code ""NOEL"" to save 15% off and support me) ‚Ä¢ Ryse X Noel Deyzel, Mega dosed Pre-Workout: GODZILLA https://rysesupps.com/products/godzilla-pre-workout ‚Ä¢Creatine Monohydrate:..."
15,"Stray Kids ""Lonely St."" Video",https://www.youtube.com/watch?v=jxwFUMvd-fY,,Stray Kids,"Stray Kids(Ïä§Ìä∏Î†àÏù¥ ÌÇ§Ï¶à) ""Lonely St."" Video Stray Kids ""ODDINARY"" iTunes & Apple Music: https://apple.co/3IqqKml Spotify: https://spoti.fi/3ijBk40 ‚úÖ Listen to ÔºúODDINARYÔºû now!..."
16,World's Cutest Animals!,https://www.youtube.com/watch?v=esDlUtMQmeU,,Beast Reacts,Get my Shrek x MrBeast merch before it‚Äôs gone: http://shopmrbeast.com/ Try the new SHREK QUESADILLA at MrBeastBurger now ‚Üí http://mrbeastburger.com/ CHECK OUT THESE CHANNELS OR ELSE Master...
17,U Know What's Up (From Disney and Pixar's Turning Red),https://www.youtube.com/watch?v=74Xn1lhiQaI,,DisneyMusicVEVO,"Disney and Pixar‚Äôs ‚ÄúTurning Red‚Äù introduces Mei Lee (voice of Rosalie Chiang), a confident, dorky 13-year-old torn between staying her mother‚Äôs dutiful daughter and the chaos of adolescence..."
18,DDG - Elon Musk ft. Gunna (Official Music Video),https://www.youtube.com/watch?v=fW43Pdw3F00,,DDG,"DDG - Elon Musk ft. Gunna (Official Music Video) ""Elon Musk"" available at: https://DDG.lnk.to/ElonMusk Directed by: Stripmall Production Company: Dreambear Follow DDG: https://twitter.com/ponti..."
19,Every Blue Sky Studios Movie Ranked,https://www.youtube.com/watch?v=1IH9W_InO7Q,,Schaffrillas Productions,"Head to http://squarespace.com/schaffrillas to save 10% off your first purchase of a website or domain. Thanks to Squarespace for sponsoring this video! Schaff ranks a LOT of Ice Age movies,..."
20,Eliminatorias | Argentina 3-0 Venezuela 1,https://www.youtube.com/watch?v=Nz7AcPoNSso,,CONMEBOL,Suscr√≠bete I Inscreva-se I Subscribe: http://bit.ly/CONMEBOL Facebook: facebook.com/CONMEBOL Instagram: instagram.com/conmebol/ Twitter: twitter.com/CONMEBOL
21,"Foo Fighters Drummer Taylor Hawkins Has Passed Away At 50, Musicians Pay Tribute",https://www.youtube.com/watch?v=Hv4ArN9KWQI,,Rock Feed,Foo Fighters drummer Taylor Hawkins has passed away at 50 according to a statement from the band. Foo Fighters were currently on tour in South America and were scheduled to perform in Columbia....
22,I Survived 100 DAYS as a LLAMA in HARDCORE Minecraft!,https://www.youtube.com/watch?v=ph3E0zUdKt0,,MaxCraft,"I Survived 100 DAYS as a LLAMA in HARDCORE Minecraft! Today, we'll explore the TRADING life of LLAMAS in the OVERWORLD like never before! As a LLAMA, my goal is to build the best TRADING BASE..."
23,"Se Acabo - (Video Oficial) - Lenin Ramirez, Fuerza Regida y Banda Renovacion",https://www.youtube.com/watch?v=w9X8svKZqes,,DEL Records,"Mira el video oficial de ""Se Acabo"" de Lenin Ramirez, Fuerza Regida y Banda Renovacion | Descarga ""https://delrec.io/seacabo"" | Suscribete al canal oficial de DEL Records ""https://bit.ly/2KIi2on""..."
24,Bawby shows Matt his iPod,https://www.youtube.com/watch?v=oGi9jHQxXkU,,1980sGamer,
25,Is Sushi Married?,https://www.youtube.com/watch?v=H76gqyasGog,,Fish4Ever,#shorts Portal Feeding Rings + duckweed: https://fishportals.com Instagram: https://www.instagram.com/fish4everchannel/ TikTok: https://www.tiktok.com/@fish4everchannel?lang=en My tank:...
26,Making Slime with Slime Chef (Again),https://www.youtube.com/watch?v=7Uj8IrIwW6s,,Peachy Slime,Subscribe Here: https://www.youtube.com/channel/UC7ru4U1sDX4arzYfGw7aJcw/?sub_confirmation=1 Order slime at: https://www.peachybbies.com Follow me here: TikTok: https://vm.tiktok.com/TTPdjuwmc8/...
27,"The Batman - Arkham Deleted Scene (2022) Robert Pattinson, Barry Keoghan",https://www.youtube.com/watch?v=LJSXgZxaNo0,,IGN,SPOILER ALERT! Watch as Robert Pattinson's Batman has an intense conversation with a villain at Arkham in this deleted scene from The Batman movie. #IGN #TheBatman
28,ODA! WE CAN'T STOP SMILING! üòÅ Luffy Gear 5: Sun God Nika Mode EXPLAINED! HITO HITO FRUIT & JOY BOY!,https://www.youtube.com/watch?v=OI-VvIRH8bQ,,Anime Balls Deep,"One Piece Manga has released One Piece Chapter 1044 which has revealed Luffy's GEAR 5 FORM, his final complete power where he is JOYBOY the sun god nika. We go over Luffy's true devil fruit..."
29,Pet Simulator X YouTubers RACE for THE BEST PETS! (Roblox Battles),https://www.youtube.com/watch?v=E0zPltGbmZo,,Roblox Battles,"Pet Simulator X YouTubers RACE for THE BEST PETS! (Roblox Battles) Welcome to RB Battles, the show where your favorite Roblox YouTubers, Developers, and Robloxians compete in various challenges..."
30,"COME ON, LET'S GO",https://www.youtube.com/watch?v=6zxnoT3XBu0,,"Tyler, The Creator","From I KNOW NIGO compilation album releasing 3/25: https://Nigo.lnk.to/IKnowNigo directed by TYLER OKONMA song produced by PHARRELL WILLIAMS dp: LUIS ""PANCH"" PEREZ production: TARA RAZAVI..."
31,NCT DREAM ÏóîÏãúÌã∞ ÎìúÎ¶º 'Î≤ÑÌçºÎßÅ (Glitch Mode)' MV Teaser,https://www.youtube.com/watch?v=OCxE6BV56Bk,,SMTOWN,"NCT DREAM's 2nd album ""Glitch Mode"" will be released on March 28th, 6PM (KST). NCT DREAM Official http://www.youtube.com/nctdream http://www.instagram.com/nct_dream http://www.tiktok.com/@official..."
32,‚ÄúThese are Putin's sanctions‚Äù: Understanding the economic sanctions against Russia,https://www.youtube.com/watch?v=l_x2LQZOzF8,,60 Minutes,"The world has responded to Russia‚Äôs invasion of Ukraine with crippling sanctions that are damaging the Russian economy. Sharyn Alfonsi reports. ""60 Minutes"" is the most successful television..."
33,Laughing and yelling at TikTok with @WILDCAT and @Nogla,https://www.youtube.com/watch?v=swiGmX2WrEM,,BigJigglyPanda,"Timing is everything. Only a few days after I made it Tennessee for the move, @Nogla came to visit and promote his new glitch flavor. So you know what that means, he had a bunch of tiktok videos..."
34,when you‚Äôre a part time trucker/chef ü§å #shorts,https://www.youtube.com/watch?v=j54Jlq30hJk,,Alex Nino,
35,Trapped For 100 Days in a Minecraft Zombie Town...,https://www.youtube.com/watch?v=JS4kl_KC018,,RyanNotBrian,Trapped For 100 Days in a Minecraft Zombie City... with RyanNotBrian missing from the group can his main man Jack survive the minecraft zombie apocalypse alone and make it across to the bridge...
36,Reacting to the most INSANE Minecraft Speedrun (All Advancements World Record),https://www.youtube.com/watch?v=Bkq0Vhm4TK4,,SmallAnt,@Feinberg did this run last month and has beaten it since this stream! Go check him out!!! Full Video: https://www.youtube.com/watch?v=hRodI3LBuGA You should watch me live on Twitch: https://twitc...
37,Smartest way to RickRoll anyone...,https://www.youtube.com/watch?v=UZ7a7ufLllo,,Beluga,This works every time. ‚ïî‚ïê‚ï¶‚ïó‚ïî‚ï¶‚ïó‚ïî‚ïê‚ï¶‚ïê‚ï¶‚ï¶‚ï¶‚ï¶‚ïó‚ïî‚ïê‚ïó ‚ïë‚ïö‚ï£‚ïë‚ïë‚ïë‚ïö‚ï£‚ïö‚ï£‚ïî‚ï£‚ïî‚ï£‚ïë‚ïö‚ï£‚ïê‚ï£ ‚ï†‚ïó‚ïë‚ïö‚ïù‚ïë‚ïë‚ï†‚ïó‚ïë‚ïö‚ï£‚ïë‚ïë‚ïë‚ïë‚ïë‚ïê...
38,"$1 VS $29,000 House!",https://www.youtube.com/watch?v=1lIi1txDVzo,,MrBeast Gaming,Get my Shrek x MrBeast merch before it‚Äôs gone: http://shopmrbeast.com Try the new SHREK QUESADILLA at MrBeastBurger now ‚Üí http://mrbeastburger.com We bought some of the most expensive...
39,118 days later...,https://www.youtube.com/watch?v=hVf5kZ1lSpI,,JustFanum,"IM BACK AND IM BETTER ft. fanum WHERE THE TROUPE AT!?! RUN UP THE LIKES! SUBSCRIBE , CAUSE WE GOIN FOR A MILLION! ‚ñ¨‚ñ¨‚ñ¨‚ñ¨‚ñ¨‚ñ¨‚ñ¨‚ñ¨‚ñ¨‚ñ¨‚ñ¨‚ñ¨‚ñ¨‚ñ¨‚ñ¨‚ñ¨‚ñ¨‚ñ¨‚ñ¨‚ñ¨ Channel Series..."
40,"Latto - Sunshine (Visualizer) ft. Lil Wayne, Childish Gambino",https://www.youtube.com/watch?v=Cxu_9QyywiI,,Latto,"Latto ‚Äì Sunshine [Visualizer] feat. Lil Wayne and Childish Gambino Stream/Download ""777"" The Album: https://latto.lnk.to/777 Subscribe for more official content from Latto: https://latto.lnk.t..."
41,ROLE MODEL - neverletyougo (Official Music Video),https://www.youtube.com/watch?v=wR9XzsRdg1M,,ROLE MODEL,Stream and download ‚Äúneverletyougo ‚Äù respectfully - http://RoleModel.lnk.to/neverletyougo See ROLE MODEL on tour ‚Äì http://heyrolemodel.com/tour Pre-save ROLE MODEL's new album ‚ÄúRx‚Äù...
42,How Mfs switch up after taking a shower,https://www.youtube.com/watch?v=7hXjW0vZVyk,,Edward So,"‚ÄúA shower gives a man power‚Äù- Edalations ü¶â Sources on this: Trust me bro But fr tho, a nice shower after sweating from any phsycial activity is the most refreshing feeling Link..."
43,Every Classroom has one: Types of Students | Mrs. Woolley in 5th #shorts #bridgerton #teacher,https://www.youtube.com/watch?v=LapNcPTSHog,,Mrs. Woolley in 5th,"Thank you so much for watching! üê≠üíú Don‚Äôt forget to like, comment, and subscribe so you don‚Äôt miss out of future videos! Become a member of the Woolley fam! üê≠MERCH: https://teespri..."
44,We Go Up (Extended),https://www.youtube.com/watch?v=Zh-fTeT5ZnA,,Nicki Minaj,"Provided to YouTube by Universal Music Group We Go Up (Extended) ¬∑ Nicki Minaj ¬∑ Fivio Foreign We Go Up ‚Ñó Young Money; ‚Ñó 2022 Republic Records, a division of UMG Recordings, Inc. ..."
45,Squid Game Parody - Season 2 | Ep.2,https://www.youtube.com/watch?v=U0PCnC0qI4M,,Dtay Known,"Squid Game Season 2 Ep.1 RELEASES March 14th, 2022 at 5pm EST. BE READY! Video Features: @devin.known @TheBlackTrunks @KyleExum @LeeThe4th @Suburban_Prince @AusinLane_Fit @Scoop.Yours @huntercfi..."
46,SUN GOD LUFFY & GEAR 5 REVEALED!! HIS DEVIL FRUIT ISN'T WHAT YOU THINK! - One Piece Chapter 1044,https://www.youtube.com/watch?v=QxRuNOjrODw,,Plot Armor,PLOT ARMOR COMICS - https://www.youtube.com/channel/UC7DN2g2KJ6MLASJDTpc-6pQ?sub_confirmation=1 ‚ñ∫DISCORD https://discord.gg/6WMEvGwdAB ‚ñ∫Buy Manga for The Best Price w/ RightStuf to support...
47,Cactus vs Beatbox #beatbox #tiktok,https://www.youtube.com/watch?v=UGRCqUK9jiI,,BeatboxJCOP,
48,$100 TIP FROM THE START AT THE BAR?! #shorts,https://www.youtube.com/watch?v=x8Z7ThP3_z8,,LVB LasVegasBartender,
49,I Transformed a VILLAGE in Minecraft Hardcore (#5),https://www.youtube.com/watch?v=ab8OXLojLUA,,WadZee,"I Transformed a Village in Minecraft Hardcore. I spent 100 hours transforming a village in minecraft & building the ULTIMATE VILLAGE in Minecraft! IF YOU ENJOYED THIS VIDEO, CHECK OUT THESE..."
50,To Our Son,https://www.youtube.com/watch?v=jjXZJZ4F8Ak,,Kylie Jenner,Director Tyler Ross @whitetrashtyler Editor Dylan Coughran @dylan_swg Music Jacob Wilkinson-Smith @mybestfriendjacob_
51,"Would You Swim With Sharks For $100,000?",https://www.youtube.com/watch?v=LnlKwzc_TNA,,MrBeast,Try Experian Boost to boost your credit scores: https://smart.link/n3op1gefxlzjn Results may vary. See App Store or website for details. New Merch - https://shopmrbeast.com/ SUBSCRIBE OR...
52,Soy El Unico - Yahritza Y su Esencia,https://www.youtube.com/watch?v=kdFBxerg7jc,,Lumbre Music,Soy El Unico by Yahritza Martinez y su esencia subscribe / suscribete https://www.youtube.com/c/lumbremusic?sub_confirmation=1 Escucha Soy el Unico en tu plataforma favorita https://Lumbre.lnk....
53,Coi Leray & Nicki Minaj - Blick Blick! (Official Video),https://www.youtube.com/watch?v=1N1RwMOcjks,,Coi Leray,"The official music video for ""Blick Blick!‚Äù by Coi Leray and Nicki Minaj. Get the song here: https://coileray.lnk.to/blickblick ‚ñ∫Connect with Coi Leray: https://tiktok.com/@coileray https://tw..."
54,Being Not Straight,https://www.youtube.com/watch?v=qF1DTK4U1AM,,Jaiden Animations,‚ô• The Team ‚ô• Colleen: https://twitter.com/SolarCitrus Claudia: https://twitter.com/HiyFi_ DavidBaronArt: https://twitter.com/DavidBaronArt Dee Helm: https://twitter.com/DeeRedHelm Denny:...
55,World's Cutest Animals!,https://www.youtube.com/watch?v=esDlUtMQmeU,,Beast Reacts,Get my Shrek x MrBeast merch before it‚Äôs gone: http://shopmrbeast.com/ Try the new SHREK QUESADILLA at MrBeastBurger now ‚Üí http://mrbeastburger.com/ CHECK OUT THESE CHANNELS OR ELSE Master...
56,"COME ON, LET'S GO",https://www.youtube.com/watch?v=6zxnoT3XBu0,,"Tyler, The Creator","From I KNOW NIGO compilation album releasing 3/25: https://Nigo.lnk.to/IKnowNigo directed by TYLER OKONMA song produced by PHARRELL WILLIAMS dp: LUIS ""PANCH"" PEREZ production: TARA RAZAVI..."
57,How Teachers Help You During Tests #Shorts,https://www.youtube.com/watch?v=jikcB7_gj8A,,Luke Davidson,How Teachers Help You During Tests #Shorts
58,Barca thrash Real Madrid in 4-0 El Clasico win | LaLiga Highlights | ESPN FC,https://www.youtube.com/watch?v=Lm60wE7P0js,,ESPN FC,Pierre-Emerick Aubameyang scores twice and notches an assist in a comprehensive El Clasico win for Barcelona against Real Madrid.
59,DDG - Elon Musk ft. Gunna (Official Music Video),https://www.youtube.com/watch?v=fW43Pdw3F00,,DDG,"DDG - Elon Musk ft. Gunna (Official Music Video) ""Elon Musk"" available at: https://DDG.lnk.to/ElonMusk Directed by: Stripmall Production Company: Dreambear Follow DDG: https://twitter.com/ponti..."
60,"4*TOWN (From Disney and Pixar‚Äôs Turning Red) - Nobody Like U (From ""Turning Red"")",https://www.youtube.com/watch?v=DQQRjFzB8gY,,DisneyMusicVEVO,"Disney and Pixar‚Äôs ‚ÄúTurning Red‚Äù introduces Mei Lee (voice of Rosalie Chiang), a confident, dorky 13-year-old torn between staying her mother‚Äôs dutiful daughter and the chaos of adolescence..."
61,Elden Ring (dunkview),https://www.youtube.com/watch?v=D1H4o4FW-wA,,videogamedunkey,You think this game is crazy? Wait till you play Elden Wing. donkey store https://dunkeyscastle.com/ donkey twitter https://twitter.com/vgdunkey donkey twitch https://www.twitch.tv/dunkstream...
62,DaBaby & NBA Youngboy - BESTIE (Official Video),https://www.youtube.com/watch?v=BjmeXRtEhqA,,DaBaby,
63,"The Batman - Arkham Deleted Scene (2022) Robert Pattinson, Barry Keoghan",https://www.youtube.com/watch?v=LJSXgZxaNo0,,IGN,SPOILER ALERT! Watch as Robert Pattinson's Batman has an intense conversation with a villain at Arkham in this deleted scene from The Batman movie. #IGN #TheBatman
64,Anne Hathaway & Kelly Clarkson Remix David Bowie & Vanilla Ice In Name That Tune Game,https://www.youtube.com/watch?v=p0vxVY2HMEs,,The Kelly Clarkson Show,"In an aggressive game of ""Sing That Name That Tune"" hosted by Matt Iseman, Anne Hathaway and Kelly go head-to-head to see who can sing the lyrics to popular songs first just by hearing the..."
65,NBA YoungBoy - I Got The Bag,https://www.youtube.com/watch?v=NBgEBWT1Mqk,,YoungBoy Never Broke Again,"YoungBoy Never Broke Again ‚Äì ‚ÄòSincerely, Kentrell‚Äô OUT NOW: https://youngboy.lnk.to/SincerelyKentrellID Subscribe for more official content from YoungBoy NBA: https://youngboy.lnk.to/Sub..."
66,I am addicted to buying weird ads,https://www.youtube.com/watch?v=WbAuL4fg5LI,,Drew Gooden,Sponsored by Current. Use my code DREWINTEREST for a chance to win and learn more: https://www.current.com/drewinterest YouTooz giveaway: https://drewgooden.youtooz.com/ Coming March 30th at...
67,‚ÄúThese are Putin's sanctions‚Äù: Understanding the economic sanctions against Russia,https://www.youtube.com/watch?v=l_x2LQZOzF8,,60 Minutes,"The world has responded to Russia‚Äôs invasion of Ukraine with crippling sanctions that are damaging the Russian economy. Sharyn Alfonsi reports. ""60 Minutes"" is the most successful television..."
68,Sneaking Into MrBeast's Warehouse!,https://www.youtube.com/watch?v=jywsqXhJr4g,,JStu,"We snuck into MrBeast's warehouse.. inside of a vending machine! We'll do a pushup for every SUBSCRIBER gained from this video! CHECK OUT OUR MERCH! ‚ñ∫ https://jstushop.com In this video,..."
69,"EST Gee, 42 Dugg - Free The Shiners (Official Music Video)",https://www.youtube.com/watch?v=t0we9akJ16o,,EST Gee,"Listen to ""Free The Shiners"" out now on all platforms: https://42DuggESTGee.lnk.to/FreeTheShiners Follow EST Gee: https://twitter.com/ESTGEE https://www.instagram.com/est.gee https://www.facebook...."
70,U Know What's Up (From Disney and Pixar's Turning Red),https://www.youtube.com/watch?v=74Xn1lhiQaI,,DisneyMusicVEVO,"Disney and Pixar‚Äôs ‚ÄúTurning Red‚Äù introduces Mei Lee (voice of Rosalie Chiang), a confident, dorky 13-year-old torn between staying her mother‚Äôs dutiful daughter and the chaos of adolescence..."
71,I made Logan Paul & KSI a commercial for PRIME drink! üçäü§Ø,https://www.youtube.com/watch?v=D5bY0x3dhIo,,Kyle Nutt,
72,"Lil Durk on Competition with Lil Baby, His Relationship & Morgan Wallen Backlash | FULL SEND PODCAST",https://www.youtube.com/watch?v=GMGfHHryi4w,,FULL SEND PODCAST,LISTEN ON SPOTIFY: https://open.spotify.com/show/5lEFhgPq9gcYU9MSXkALiZ Check out Durks NFT project: https://withkoji.com/@NXTG3NZ SUBSCRIBE HERE: https://youtube.com/channel/UChPuCAEXg7iYkVNjQY...
73,Saint Peter's vs. Purdue - Sweet 16 NCAA tournament extended highlights,https://www.youtube.com/watch?v=oCpMehfhJs0,,March Madness,"In yet another historic upset, Saint Peter's took down Purdue, 67-64, to advance to the Elite Eight as the first 15-seed to ever do it. Watch the full extended highlights here. Watch highlights,..."
74,The Sanction-Fueled Destruction of the Russian Aviation Industry,https://www.youtube.com/watch?v=SrTrpwzVt4g,,Wendover Productions,Use code WENDOVER16 for up to 16 FREE MEALS + 3 Surprise Gifts across 6 HelloFresh boxes plus free shipping at https://bit.ly/3ekejvZ Watch Extremities at http://youtube.com/extremities Buy...
75,Fortnite Chapter 3 Season 2 Resistance Story Trailer,https://www.youtube.com/watch?v=6M3-AwaIwzM,,Fortnite,"Check out the Chapter 3 Season 2 Story Trailer and visit https://www.epicgames.com/fortnite/home for more details. Play Fortnite Battle Royale, the completely free 100-player PvP mode. One..."
76,Paulo Londra - Plan A (Official Video),https://www.youtube.com/watch?v=dmW68lzaaqs,,Paulo Londra,"Official Video for ""Plan A"" by Paulo Londra Listen & Download ""Plan A"": https://wml.link/PauloLondraPlanA Follow Paulo Londra: Instagram: https://www.instagram.com/paulolondra/ Twitter:..."
77,"Stray Kids ""MANIAC"" M/V",https://www.youtube.com/watch?v=OvioeS1ZZ7o,,JYP Entertainment,"Stray Kids(Ïä§Ìä∏Î†àÏù¥ ÌÇ§Ï¶à) ""MANIAC"" M/V Stray Kids ""ODDINARY"" iTunes & Apple Music: https://apple.co/3IqqKml Spotify: https://spoti.fi/3ijBk40 ‚úÖ Listen to ÔºúODDINARYÔºû now! http://Stray-..."
78,Robot Piano Catches Fire Playing Rush E (World‚Äôs Hardest Song),https://www.youtube.com/watch?v=uBEL3YVzMwk,,Mark Rober,"Oh, and it can also play the world's hardest song... sort of. Visit https://brilliant.org/markrober to sign up for free. The first 2000 people will get 20% off their annual premium membership...."
79,Unpredictable Trick Shots 2,https://www.youtube.com/watch?v=GsLopdvhFpk,,Dude Perfect,"Bet you can't guess a single shot in this video! ‚ñ∫ Come see us on tour! http://dudeperfect.com/tour/ ‚ñ∫ Snag your Dude Perfect Corn Hole set, available now on Amazon! - https://www.amazon.com/P..."
80,Watch Anne Hathaway Beat Kelly Clarkson To The Buzzer In 'Since U Been Gone' Mic Drop Moment,https://www.youtube.com/watch?v=HZuz2CC4S58,,The Kelly Clarkson Show,"In a heated game of ""Sing That Name That Tune"" hosted by Matt Iseman, Anne Hathaway miraculously beats Kelly to the mic for her song ""Since U Been Gone,"" and Kelly is literally floored. Tune..."
81,Could he do this with a football? ü§î #shorts,https://www.youtube.com/watch?v=ndBiE-qmj1E,,MaxPreps,(Via @nick.wilson.11) #baseball #football #highschool #sports #impressive
82,Five Nights at Freddy's 2: REVISITED,https://www.youtube.com/watch?v=GXJiEfWwztU,,Markiplier,The Video ‚ñ∫ https://www.youtube.com/watch?v=QD7QU0UvCUM
83,Red Velvet Î†àÎìúÎ≤®Î≤≥ 'Feel My Rhythm' MV,https://www.youtube.com/watch?v=R9At2ICm4LQ,,SMTOWN,"Red Velvet's mini album ""'The ReVe Festival 2022 - Feel My Rhythm'"" is out! Listen and download on your favorite platform: https://smarturl.it/RV_FeelMyRhythm [Tracklist] 01 Feel My Rhythm..."
84,Ciara Is Definitely Atlanta With This Walk! Y‚Äôall Agree? #shorts,https://www.youtube.com/watch?v=h6EZt0U5e4s,,BETNetworks,
85,Reacting to the most INSANE Minecraft Speedrun (All Advancements World Record),https://www.youtube.com/watch?v=Bkq0Vhm4TK4,,SmallAnt,@Feinberg did this run last month and has beaten it since this stream! Go check him out!!! Full Video: https://www.youtube.com/watch?v=hRodI3LBuGA You should watch me live on Twitch: https://twitc...
86,SEASON 2 MEMES (removed building),https://www.youtube.com/watch?v=yLdFCk7IbIU,,LazarBeam,new season new memes üê§TWITTER - https://twitter.com/lazarbeam üëïLAZAR Merch - https://shoplazar.com/ üé•SECOND CHANNEL - https://www.youtube.com/user/CrushSlash ü©≥LAZAR SHORTS - https://ww...
87,Quando Rondo - 10.27 (Official Video),https://www.youtube.com/watch?v=Gr0JhWfG88E,,Quando Rondo,Quando Rondo - 10.27 Stream/Download:https://quandorondo.lnk.to/1027 Subscribe for more official content from Quando Rondo: https://1633.lnk.to/QuandoRondoSubscribe Follow Quando Rondo...
88,"Stray Kids ""Í±∞ÎØ∏Ï§Ñ"" Video",https://www.youtube.com/watch?v=pM-jOfy_1jM,,Stray Kids,"Stray Kids(Ïä§Ìä∏Î†àÏù¥ ÌÇ§Ï¶à) ""Í±∞ÎØ∏Ï§Ñ"" Video Stray Kids ""ODDINARY"" iTunes & Apple Music: https://apple.co/3IqqKml Spotify: https://spoti.fi/3ijBk40 ‚úÖ Listen to ÔºúODDINARYÔºû now!..."
89,Nicki Minaj feat. Fivio Foreign - We Go Up (Official Audio),https://www.youtube.com/watch?v=BFxNFo6z92E,,Nicki Minaj,"Official audio for Nicki Minaj feat. Fivio Foreign ""We Go Up"", available everywhere now: https://NickiMinaj.lnk.to/WeGoUp Subscribe to Nicki Minaj on YouTube: http://bit.ly/NickiMinajYTSub..."
90,118 days later...,https://www.youtube.com/watch?v=hVf5kZ1lSpI,,JustFanum,"IM BACK AND IM BETTER ft. fanum WHERE THE TROUPE AT!?! RUN UP THE LIKES! SUBSCRIBE , CAUSE WE GOIN FOR A MILLION! ‚ñ¨‚ñ¨‚ñ¨‚ñ¨‚ñ¨‚ñ¨‚ñ¨‚ñ¨‚ñ¨‚ñ¨‚ñ¨‚ñ¨‚ñ¨‚ñ¨‚ñ¨‚ñ¨‚ñ¨‚ñ¨‚ñ¨‚ñ¨ Channel Series..."
91,Harry Styles - Harry‚Äôs House (coming soon),https://www.youtube.com/watch?v=zVANaD9WSTA,,Harry Styles,"Album Trailer for Harry Styles' new album ""Harry's House"" out May 20th. Pre-save / Pre-add the album here: https://hstyles.co.uk Follow Harry Styles: Facebook: https://HarryStyles.lnk.to/followFI..."
92,Riding The Fastest Roller Coaster In Disneyland,https://www.youtube.com/watch?v=sR5RpqU1f60,,Tom Simons,"We took on the Craziest Roller Coaster in France, space mountain! This was absolutely insane lmao https://tommyinnit.store merch out on april 9th! Socials: Follow my Twitter - @tomsimons Follow..."
93,I Transformed a VILLAGE in Minecraft Hardcore (#5),https://www.youtube.com/watch?v=ab8OXLojLUA,,WadZee,"I Transformed a Village in Minecraft Hardcore. I spent 100 hours transforming a village in minecraft & building the ULTIMATE VILLAGE in Minecraft! IF YOU ENJOYED THIS VIDEO, CHECK OUT THESE..."
94,Squid Game Parody - Season 2 | Ep.2,https://www.youtube.com/watch?v=U0PCnC0qI4M,,Dtay Known,"Squid Game Season 2 Ep.1 RELEASES March 14th, 2022 at 5pm EST. BE READY! Video Features: @devin.known @TheBlackTrunks @KyleExum @LeeThe4th @Suburban_Prince @AusinLane_Fit @Scoop.Yours @huntercfi..."
95,Is Creatine safe for you?,https://www.youtube.com/watch?v=YHBpQEC37Mg,,Noel Deyzel,"RYSE Supplements (Code ""NOEL"" to save 15% off and support me) ‚Ä¢ Ryse X Noel Deyzel, Mega dosed Pre-Workout: GODZILLA https://rysesupps.com/products/godzilla-pre-workout ‚Ä¢Creatine Monohydrate:..."
96,"Using $12,000 Air Diors as Work Boots",https://www.youtube.com/watch?v=dEiIcPHTzCM,,WhistlinDiesel,"After trying 25 other sub par work boot brands (REDWINGS) I have finally at last discovered the most quality pair of boots on planet earth. $12,000 Air Jordan Diors...... and they work better..."
97,Every Blue Sky Studios Movie Ranked,https://www.youtube.com/watch?v=1IH9W_InO7Q,,Schaffrillas Productions,"Head to http://squarespace.com/schaffrillas to save 10% off your first purchase of a website or domain. Thanks to Squarespace for sponsoring this video! Schaff ranks a LOT of Ice Age movies,..."
